GROUP,PACKAGE,CLASS,INSTRUCTION_MISSED,INSTRUCTION_COVERED,BRANCH_MISSED,BRANCH_COVERED,LINE_MISSED,LINE_COVERED,COMPLEXITY_MISSED,COMPLEXITY_COVERED,METHOD_MISSED,METHOD_COVERED
sinapipro-api,com.sinapipro.api.equipment.application,EquipmentService.EquipmentCostSummary,0,12,0,0,0,1,0,1,0,1
sinapipro-api,com.sinapipro.api.equipment.application,EquipmentService.MaintenanceAlert,0,18,0,0,0,1,0,1,0,1
sinapipro-api,com.sinapipro.api.equipment.application,EquipmentService,60,160,3,7,8,29,6,9,4,6
sinapipro-api,com.sinapipro.api.dailylog.api,DailyLogController.CreateDailyLogRequest,24,0,0,0,1,0,1,0,1,0
sinapipro-api,com.sinapipro.api.dailylog.api,DailyLogController.LaborEntry,12,0,0,0,1,0,1,0,1,0
sinapipro-api,com.sinapipro.api.dailylog.api,DailyLogController.DailyLogResponse,50,0,0,0,3,0,2,0,2,0
sinapipro-api,com.sinapipro.api.dailylog.api,DailyLogController,132,0,6,0,18,0,12,0,9,0
sinapipro-api,com.sinapipro.api.dailylog.api,DailyLogController.OccurrenceEntry,9,0,0,0,1,0,1,0,1,0
sinapipro-api,com.sinapipro.api.dailylog.api,DailyLogController.EquipmentEntry,12,0,0,0,1,0,1,0,1,0
sinapipro-api,com.sinapipro.api.schedule.domain,ScheduleActivity,64,0,0,0,23,0,12,0,12,0
sinapipro-api,com.sinapipro.api.schedule.domain,ActivityDependency,27,0,0,0,10,0,6,0,6,0
sinapipro-api,com.sinapipro.api.punchlist.domain,PunchListItem,113,0,10,0,33,0,20,0,15,0
sinapipro-api,com.sinapipro.api.punchlist.domain,PunchListStatus,27,0,0,0,1,0,1,0,1,0
sinapipro-api,com.sinapipro.api.notification.domain,Notification,76,0,0,0,19,0,15,0,15,0
sinapipro-api,com.sinapipro.api,SinapiProApiApplication,8,0,0,0,3,0,2,0,2,0
sinapipro-api,com.sinapipro.api.sinapi.domain,Composition,11,43,0,0,2,13,2,6,2,6
sinapipro-api,com.sinapipro.api.sinapi.domain,MaterialPrice,10,27,0,0,3,10,3,5,3,5
sinapipro-api,com.sinapipro.api.sinapi.domain,Material,11,32,0,0,2,11,2,5,2,5
sinapipro-api,com.sinapipro.api.sinapi.domain,CompositionItem,13,18,0,0,4,7,4,3,4,3
sinapipro-api,com.sinapipro.api.config,SecurityProperties.AccessToken,9,0,0,0,1,0,1,0,1,0
sinapipro-api,com.sinapipro.api.config,ApplicationHealthIndicator,83,0,2,0,20,0,3,0,2,0
sinapipro-api,com.sinapipro.api.config,SecurityProperties,52,0,6,0,11,0,4,0,1,0
sinapipro-api,com.sinapipro.api.config,RateLimitFilter,99,8,10,0,20,2,8,1,3,1
sinapipro-api,com.sinapipro.api.config,SecurityProperties.DemoUser,24,0,4,0,3,0,3,0,1,0
sinapipro-api,com.sinapipro.api.config,OpenApiConfiguration,219,0,0,0,36,0,2,0,2,0
sinapipro-api,com.sinapipro.api.config,SecurityConfiguration,260,0,4,0,44,0,22,0,20,0
sinapipro-api,com.sinapipro.api.config,SecurityProperties.RefreshToken,6,0,0,0,1,0,1,0,1,0
sinapipro-api,com.sinapipro.api.config,RateLimitFilter.TokenBucket,48,0,4,0,11,0,4,0,2,0
sinapipro-api,com.sinapipro.api.budget.application,AbcCurveService.AbcEntry,24,0,0,0,1,0,1,0,1,0
sinapipro-api,com.sinapipro.api.budget.application,PriceAdjustmentService.AdjustmentType,0,21,0,0,0,1,0,1,0,1
sinapipro-api,com.sinapipro.api.budget.application,BudgetCalculationService,43,0,0,0,11,0,2,0,2,0
sinapipro-api,com.sinapipro.api.budget.application,PriceAdjustmentService.AdjustmentResult,0,21,0,0,0,1,0,1,0,1
sinapipro-api,com.sinapipro.api.budget.application,BudgetCalculationService.BudgetSummary,15,0,0,0,1,0,1,0,1,0
sinapipro-api,com.sinapipro.api.budget.application,AbcCurveService.MaterialAccumulator,25,0,0,0,8,0,3,0,3,0
sinapipro-api,com.sinapipro.api.budget.application,PriceAdjustmentService.AdjustedItem,0,15,0,0,0,1,0,1,0,1
sinapipro-api,com.sinapipro.api.budget.application,PriceAdjustmentService,2,282,0,8,0,48,1,11,1,7
sinapipro-api,com.sinapipro.api.budget.application,BudgetService,39,172,0,2,7,29,3,10,3,9
sinapipro-api,com.sinapipro.api.budget.application,AbcCurveService,162,0,12,0,32,0,9,0,3,0
sinapipro-api,com.sinapipro.api.budget.application,BudgetCodeAlreadyExistsException,0,5,0,0,0,2,0,1,0,1
sinapipro-api,com.sinapipro.api.procurement.domain,QuotationResponse,13,30,0,0,4,11,4,5,4,5
sinapipro-api,com.sinapipro.api.procurement.domain,PurchaseRequestStatus,0,21,0,0,0,1,0,1,0,1
sinapipro-api,com.sinapipro.api.procurement.domain,PurchaseOrder,35,65,0,0,9,19,9,8,9,8
sinapipro-api,com.sinapipro.api.procurement.domain,Receiving,19,18,0,0,6,7,6,2,6,2
sinapipro-api,com.sinapipro.api.procurement.domain,Quotation,22,26,0,0,5,9,5,4,5,4
sinapipro-api,com.sinapipro.api.procurement.domain,PurchaseRequest,28,24,0,0,9,9,9,1,9,1
sinapipro-api,com.sinapipro.api.contract.api,ContractController.CreateContractRequest,24,0,0,0,1,0,1,0,1,0
sinapipro-api,com.sinapipro.api.contract.api,ContractController.ChangeOrderResponse,37,0,0,0,3,0,2,0,2,0
sinapipro-api,com.sinapipro.api.contract.api,ContractController.ContractResponse,64,0,0,0,4,0,2,0,2,0
sinapipro-api,com.sinapipro.api.contract.api,ContractController,90,0,0,0,16,0,8,0,8,0
sinapipro-api,com.sinapipro.api.contract.api,ContractController.CreateChangeOrderRequest,15,0,0,0,1,0,1,0,1,0
sinapipro-api,com.sinapipro.api.timetracking.application,LaborProductivityService,127,0,8,0,25,0,8,0,4,0
sinapipro-api,com.sinapipro.api.timetracking.application,LaborProductivityService.RoleProductivity,18,0,0,0,1,0,1,0,1,0
sinapipro-api,com.sinapipro.api.timetracking.application,LaborProductivityService.ProductivityReport,18,0,0,0,1,0,1,0,1,0
sinapipro-api,com.sinapipro.api.timetracking.application,LaborProductivityService.RoleStats,37,0,2,0,8,0,3,0,2,0
sinapipro-api,com.sinapipro.api.budget.api,BudgetDetailController.PriceAdjustmentRequest,18,0,0,0,1,0,1,0,1,0
sinapipro-api,com.sinapipro.api.budget.api,BudgetDetailController.CreateItemRequest,15,0,0,0,1,0,1,0,1,0
sinapipro-api,com.sinapipro.api.budget.api,BudgetDetailController.BdiResponse,53,0,0,0,4,0,3,0,3,0
sinapipro-api,com.sinapipro.api.budget.api,BudgetDetailController.CreateStageRequest,12,0,0,0,1,0,1,0,1,0
sinapipro-api,com.sinapipro.api.budget.api,BudgetDetailController.ItemResponse,55,0,0,0,4,0,2,0,2,0
sinapipro-api,com.sinapipro.api.budget.api,BudgetDetailController,281,0,7,0,46,0,20,0,16,0
sinapipro-api,com.sinapipro.api.budget.api,UpdateBudgetRequest,0,24,0,0,0,1,0,1,0,1
sinapipro-api,com.sinapipro.api.budget.api,BudgetFilter,0,9,0,0,0,1,0,1,0,1
sinapipro-api,com.sinapipro.api.budget.api,BudgetController,62,0,0,0,13,0,7,0,7,0
sinapipro-api,com.sinapipro.api.budget.api,CreateBudgetRequest,0,27,0,0,0,1,0,1,0,1
sinapipro-api,com.sinapipro.api.budget.api,BudgetDetailController.StageResponse,36,0,0,0,3,0,2,0,2,0
sinapipro-api,com.sinapipro.api.budget.api,BudgetResponse,62,0,0,0,5,0,2,0,2,0
sinapipro-api,com.sinapipro.api.budget.api,BudgetDetailController.BdiRequest,21,0,0,0,1,0,1,0,1,0
sinapipro-api,com.sinapipro.api.weather.api,WeatherDelayController,65,0,4,0,9,0,6,0,4,0
sinapipro-api,com.sinapipro.api.weather.api,WeatherDelayController.CreateWeatherDelayRequest,21,0,0,0,1,0,1,0,1,0
sinapipro-api,com.sinapipro.api.weather.api,WeatherDelayController.WeatherDelayResponse,37,0,0,0,3,0,2,0,2,0
sinapipro-api,com.sinapipro.api.weather.api,WeatherDelayController.WeatherDelaySummary,12,0,0,0,1,0,1,0,1,0
sinapipro-api,com.sinapipro.api.notification.application,NotificationService,214,0,18,0,42,0,14,0,5,0
sinapipro-api,com.sinapipro.api.schedule.api,ScheduleController.DependencyResponse,15,0,0,0,1,0,1,0,1,0
sinapipro-api,com.sinapipro.api.schedule.api,ScheduleController.CreateDependencyRequest,12,0,0,0,1,0,1,0,1,0
sinapipro-api,com.sinapipro.api.schedule.api,ScheduleController.ActivityResponse,52,0,0,0,3,0,2,0,2,0
sinapipro-api,com.sinapipro.api.schedule.api,ScheduleController.UpdateProgressRequest,12,0,0,0,1,0,1,0,1,0
sinapipro-api,com.sinapipro.api.schedule.api,ScheduleController,187,0,2,0,29,0,13,0,12,0
sinapipro-api,com.sinapipro.api.schedule.api,ScheduleController.CreateActivityRequest,18,0,0,0,1,0,1,0,1,0
sinapipro-api,com.sinapipro.api.security.api,TokenResponse,18,0,0,0,1,0,1,0,1,0
sinapipro-api,com.sinapipro.api.security.api,TokenGrantType,15,0,0,0,3,0,1,0,1,0
sinapipro-api,com.sinapipro.api.security.api,TokenRequest,15,0,0,0,1,0,1,0,1,0
sinapipro-api,com.sinapipro.api.security.api,AuthController,26,0,2,0,6,0,3,0,2,0
sinapipro-api,com.sinapipro.api.shared.observability,BusinessObservationService,31,0,0,0,11,0,2,0,2,0
sinapipro-api,com.sinapipro.api.shared.observability,BusinessMetricsService,32,0,0,0,5,0,2,0,2,0
sinapipro-api,com.sinapipro.api.equipment.api,EquipmentController.MaintenanceScheduleRequest,9,0,0,0,1,0,1,0,1,0
sinapipro-api,com.sinapipro.api.equipment.api,EquipmentController.CreateEquipmentRequest,27,0,0,0,1,0,1,0,1,0
sinapipro-api,com.sinapipro.api.equipment.api,EquipmentController,102,0,2,0,18,0,9,0,8,0
sinapipro-api,com.sinapipro.api.equipment.api,EquipmentController.UsageResponse,37,0,0,0,3,0,2,0,2,0
sinapipro-api,com.sinapipro.api.equipment.api,EquipmentController.EquipmentResponse,67,0,0,0,4,0,2,0,2,0
sinapipro-api,com.sinapipro.api.equipment.api,EquipmentController.RecordUsageRequest,21,0,0,0,1,0,1,0,1,0
sinapipro-api,com.sinapipro.api.timetracking.domain,TimesheetEntry,103,0,0,0,23,0,16,0,16,0
sinapipro-api,com.sinapipro.api.submittal.domain,Submittal,184,0,14,0,39,0,27,0,20,0
sinapipro-api,com.sinapipro.api.submittal.domain,SubmittalStatus,39,0,0,0,1,0,1,0,1,0
sinapipro-api,com.sinapipro.api.schedule.application,SCurveService.SCurveData,0,6,0,0,0,1,0,1,0,1
sinapipro-api,com.sinapipro.api.schedule.application,CriticalPathService,0,480,3,33,0,80,3,18,0,3
sinapipro-api,com.sinapipro.api.schedule.application,SCurveService,1,192,2,18,0,35,2,10,0,2
sinapipro-api,com.sinapipro.api.schedule.application,CriticalPathService.CriticalActivity,0,30,0,0,0,1,0,1,0,1
sinapipro-api,com.sinapipro.api.schedule.application,CriticalPathService.CriticalPathResult,0,16,0,0,0,2,0,2,0,2
sinapipro-api,com.sinapipro.api.schedule.application,SCurveService.SCurvePoint,0,12,0,0,0,1,0,1,0,1
sinapipro-api,com.sinapipro.api.supplier.application,SupplierService,207,0,4,0,34,0,12,0,10,0
sinapipro-api,com.sinapipro.api.forecast.application,DelayForecastService.RiskFactor,12,0,0,0,1,0,1,0,1,0
sinapipro-api,com.sinapipro.api.forecast.application,DelayForecastService,298,0,30,0,50,0,17,0,2,0
sinapipro-api,com.sinapipro.api.forecast.application,DelayForecastService.DelayForecast,21,0,0,0,1,0,1,0,1,0
sinapipro-api,com.sinapipro.api.jobcosting.application,WipReportService,5,82,4,8,0,21,3,5,0,2
sinapipro-api,com.sinapipro.api.jobcosting.application,JobCostingService.CostCodeSummary,0,21,0,0,0,1,0,1,0,1
sinapipro-api,com.sinapipro.api.jobcosting.application,WipReportService.WipStatus,0,21,0,0,0,1,0,1,0,1
sinapipro-api,com.sinapipro.api.jobcosting.application,WipReportService.WipReport,0,18,0,0,0,1,0,1,0,1
sinapipro-api,com.sinapipro.api.jobcosting.application,JobCostingService,0,104,0,0,0,19,0,5,0,5
sinapipro-api,com.sinapipro.api.jobcosting.application,JobCostingService.BudgetCostSummary,0,15,0,0,0,1,0,1,0,1
sinapipro-api,com.sinapipro.api.shared.events,OperationEventType,0,33,0,0,0,6,0,1,0,1
sinapipro-api,com.sinapipro.api.shared.events,OperationEventPublisher,62,0,0,0,11,0,5,0,5,0
sinapipro-api,com.sinapipro.api.shared.events,OperationEvent,27,0,0,0,2,0,2,0,2,0
sinapipro-api,com.sinapipro.api.measurement.api,MeasurementController,109,0,0,0,19,0,11,0,11,0
sinapipro-api,com.sinapipro.api.measurement.api,MeasurementController.MeasurementResponse,70,0,0,0,5,0,3,0,3,0
sinapipro-api,com.sinapipro.api.measurement.api,MeasurementController.ItemResponse,18,0,0,0,1,0,1,0,1,0
sinapipro-api,com.sinapipro.api.measurement.api,MeasurementController.CreateMeasurementRequest,18,0,0,0,1,0,1,0,1,0
sinapipro-api,com.sinapipro.api.measurement.api,MeasurementController.ItemRequest,15,0,0,0,1,0,1,0,1,0
sinapipro-api,com.sinapipro.api.dailylog.domain,DailyLog,30,45,0,0,5,14,5,5,5,5
sinapipro-api,com.sinapipro.api.dailylog.domain,DailyLogEquipment,16,18,0,0,5,4,5,2,5,2
sinapipro-api,com.sinapipro.api.dailylog.domain,DailyLogOccurrence,16,12,0,0,5,3,5,1,5,1
sinapipro-api,com.sinapipro.api.dailylog.domain,DailyLogLabor,16,18,0,0,5,4,5,2,5,2
sinapipro-api,com.sinapipro.api.equipment.domain,Equipment,48,77,8,0,11,26,13,10,9,10
sinapipro-api,com.sinapipro.api.equipment.domain,EquipmentUsage,28,34,0,0,9,11,9,3,9,3
sinapipro-api,com.sinapipro.api.contract.application,ContractService,157,113,1,5,25,25,12,9,11,7
sinapipro-api,com.sinapipro.api.contract.application,ContractService.ContractFinancialSummary,0,24,0,0,0,1,0,1,0,1
sinapipro-api,com.sinapipro.api.analytics.application,EarnedValueService.EvmResult,0,39,0,0,0,2,0,2,0,2
sinapipro-api,com.sinapipro.api.analytics.application,PortfolioAnalyticsService,0,31,0,0,0,9,0,2,0,2
sinapipro-api,com.sinapipro.api.analytics.application,PortfolioAnalyticsService.PortfolioSummary,0,12,0,0,0,1,0,1,0,1
sinapipro-api,com.sinapipro.api.analytics.application,CashFlowService.CashFlowProjection,0,15,0,0,0,1,0,1,0,1
sinapipro-api,com.sinapipro.api.analytics.application,CashFlowService.MonthlyFlow,0,18,0,0,0,1,0,1,0,1
sinapipro-api,com.sinapipro.api.analytics.application,CashFlowService,4,177,4,10,0,33,3,6,0,2
sinapipro-api,com.sinapipro.api.analytics.application,EarnedValueService,3,144,4,8,0,27,4,4,0,2
sinapipro-api,com.sinapipro.api.supplier.api,CreateSupplierRequest,27,0,0,0,1,0,1,0,1,0
sinapipro-api,com.sinapipro.api.supplier.api,SupplierResponse,62,0,0,0,5,0,2,0,2,0
sinapipro-api,com.sinapipro.api.supplier.api,SupplierController,53,0,0,0,12,0,6,0,6,0
sinapipro-api,com.sinapipro.api.supplier.api,UpdateSupplierRequest,21,0,0,0,1,0,1,0,1,0
sinapipro-api,com.sinapipro.api.invoice.api,CreateInvoiceRequest,27,0,0,0,1,0,1,0,1,0
sinapipro-api,com.sinapipro.api.invoice.api,InvoiceController,54,0,0,0,12,0,6,0,6,0
sinapipro-api,com.sinapipro.api.invoice.api,UpdateInvoiceRequest,15,0,0,0,1,0,1,0,1,0
sinapipro-api,com.sinapipro.api.invoice.api,InvoiceResponse,76,0,0,0,8,0,2,0,2,0
sinapipro-api,com.sinapipro.api.sinapi.application,SinapiImportService.ImportResult,0,18,0,0,0,1,0,1,0,1
sinapipro-api,com.sinapipro.api.sinapi.application,SinapiImportService,50,342,6,16,9,61,7,12,1,7
sinapipro-api,com.sinapipro.api.sinapi.application,CompositionCostResult.ItemCost,0,21,0,0,0,1,0,1,0,1
sinapipro-api,com.sinapipro.api.sinapi.application,CompositionCostResult,0,24,0,0,0,1,0,1,0,1
sinapipro-api,com.sinapipro.api.sinapi.application,CompositionCostService,7,126,0,0,0,29,1,6,1,6
sinapipro-api,com.sinapipro.api.safety.domain,SafetyIncident,64,0,0,0,23,0,12,0,12,0
sinapipro-api,com.sinapipro.api.safety.domain,SafetyChecklistTemplate,43,0,0,0,14,0,9,0,9,0
sinapipro-api,com.sinapipro.api.safety.domain,SafetyInspection,55,0,0,0,19,0,11,0,11,0
sinapipro-api,com.sinapipro.api.rfi.api,RfiController.RfiResponse,67,0,0,0,4,0,2,0,2,0
sinapipro-api,com.sinapipro.api.rfi.api,RfiController.CreateRfiRequest,21,0,0,0,1,0,1,0,1,0
sinapipro-api,com.sinapipro.api.rfi.api,RfiController,143,0,2,0,21,0,11,0,10,0
sinapipro-api,com.sinapipro.api.rfi.api,RfiController.AnswerRfiRequest,6,0,0,0,1,0,1,0,1,0
sinapipro-api,com.sinapipro.api.document.domain,Document,73,0,0,0,25,0,14,0,14,0
sinapipro-api,com.sinapipro.api.safety.api,SafetyController.InspectionResponse,43,0,0,0,3,0,2,0,2,0
sinapipro-api,com.sinapipro.api.safety.api,SafetyController.TemplateResponse,32,0,0,0,2,0,2,0,2,0
sinapipro-api,com.sinapipro.api.safety.api,SafetyController.CreateInspectionRequest,21,0,0,0,1,0,1,0,1,0
sinapipro-api,com.sinapipro.api.safety.api,SafetyController.CreateTemplateRequest,12,0,0,0,1,0,1,0,1,0
sinapipro-api,com.sinapipro.api.safety.api,SafetyController,156,0,0,0,25,0,10,0,10,0
sinapipro-api,com.sinapipro.api.safety.api,SafetyController.CreateIncidentRequest,21,0,0,0,1,0,1,0,1,0
sinapipro-api,com.sinapipro.api.safety.api,SafetyController.IncidentResponse,47,0,0,0,3,0,2,0,2,0
sinapipro-api,com.sinapipro.api.safety.api,SafetyController.ResolveIncidentRequest,6,0,0,0,1,0,1,0,1,0
sinapipro-api,com.sinapipro.api.invoice.domain,Invoice,28,39,0,0,10,14,6,5,6,5
sinapipro-api,com.sinapipro.api.invoice.domain,InvoiceStatus,0,27,0,0,0,2,0,1,0,1
sinapipro-api,com.sinapipro.api.shared.domain,AuditableEntity,19,6,0,0,8,2,4,2,4,2
sinapipro-api,com.sinapipro.api.document.api,DocumentController.DocumentResponse,47,0,0,0,3,0,2,0,2,0
sinapipro-api,com.sinapipro.api.document.api,DocumentController,36,0,0,0,6,0,4,0,4,0
sinapipro-api,com.sinapipro.api.punchlist.api,PunchListController.PunchListSummary,15,0,0,0,1,0,1,0,1,0
sinapipro-api,com.sinapipro.api.punchlist.api,PunchListController.CreatePunchListRequest,24,0,0,0,1,0,1,0,1,0
sinapipro-api,com.sinapipro.api.punchlist.api,PunchListController.PunchListResponse,52,0,0,0,3,0,2,0,2,0
sinapipro-api,com.sinapipro.api.punchlist.api,PunchListController,141,0,2,0,25,0,10,0,9,0
sinapipro-api,com.sinapipro.api.invoice.application,InvoiceService,232,0,2,0,37,0,13,0,12,0
sinapipro-api,com.sinapipro.api.sinapi.api,CompositionController,70,0,0,0,13,0,8,0,8,0
sinapipro-api,com.sinapipro.api.sinapi.api,MaterialController,23,0,0,0,5,0,3,0,3,0
sinapipro-api,com.sinapipro.api.sinapi.api,MaterialResponse,37,0,0,0,2,0,2,0,2,0
sinapipro-api,com.sinapipro.api.sinapi.api,CompositionResponse,61,0,0,0,10,0,3,0,3,0
sinapipro-api,com.sinapipro.api.sinapi.api,CompositionResponse.ItemResponse,15,0,0,0,1,0,1,0,1,0
sinapipro-api,com.sinapipro.api.measurement.application,MeasurementService.BalanceResult,0,15,0,0,0,1,0,1,0,1
sinapipro-api,com.sinapipro.api.measurement.application,MeasurementService,127,271,18,14,18,61,16,12,4,8
sinapipro-api,com.sinapipro.api.measurement.application,MeasurementService.ItemInput,15,0,0,0,1,0,1,0,1,0
sinapipro-api,com.sinapipro.api.measurement.application,MeasurementService.CumulativeResult,12,0,0,0,1,0,1,0,1,0
sinapipro-api,com.sinapipro.api.measurement.application,MeasurementService.MeasurementSummary,0,15,0,0,0,1,0,1,0,1
sinapipro-api,com.sinapipro.api.jobcosting.domain,CostCode,52,0,2,0,17,0,10,0,9,0
sinapipro-api,com.sinapipro.api.jobcosting.domain,CostTransaction,28,21,0,0,9,8,9,1,9,1
sinapipro-api,com.sinapipro.api.jobcosting.domain,CostTransactionType,0,21,0,0,0,2,0,1,0,1
sinapipro-api,com.sinapipro.api.procurement.application,ProcurementService.ComparativeAnalysis,0,9,0,0,0,1,0,1,0,1
sinapipro-api,com.sinapipro.api.procurement.application,ProcurementService.SupplierQuote,0,15,0,0,0,1,0,1,0,1
sinapipro-api,com.sinapipro.api.procurement.application,ProcurementService,224,166,7,7,36,40,17,8,12,6
sinapipro-api,com.sinapipro.api.timetracking.api,TimeTrackingController,60,0,2,0,10,0,5,0,4,0
sinapipro-api,com.sinapipro.api.timetracking.api,TimeTrackingController.CreateTimesheetRequest,33,0,0,0,1,0,1,0,1,0
sinapipro-api,com.sinapipro.api.timetracking.api,TimeTrackingController.TimesheetResponse,57,0,0,0,4,0,2,0,2,0
sinapipro-api,com.sinapipro.api.shared.api,EventStreamController,10,0,0,0,4,0,2,0,2,0
sinapipro-api,com.sinapipro.api.shared.api,PageResponse,42,0,0,0,9,0,2,0,2,0
sinapipro-api,com.sinapipro.api.budget.domain,BudgetStatus,0,33,0,0,0,2,0,1,0,1
sinapipro-api,com.sinapipro.api.budget.domain,BudgetStage,75,0,2,0,20,0,11,0,10,0
sinapipro-api,com.sinapipro.api.budget.domain,BudgetItem,20,40,0,0,4,15,4,6,4,6
sinapipro-api,com.sinapipro.api.budget.domain,BdiConfig,85,0,0,0,25,0,11,0,11,0
sinapipro-api,com.sinapipro.api.budget.domain,Budget,20,70,2,2,5,24,7,6,5,6
sinapipro-api,com.sinapipro.api.analytics.api,AnalyticsController,34,0,0,0,10,0,5,0,5,0
sinapipro-api,com.sinapipro.api.document.application,DocumentService,114,0,4,0,18,0,7,0,5,0
sinapipro-api,com.sinapipro.api.procurement.api,ProcurementController.CreatePurchaseRequestReq,18,0,0,0,1,0,1,0,1,0
sinapipro-api,com.sinapipro.api.procurement.api,ProcurementController.ReceivingResponse,15,0,0,0,1,0,1,0,1,0
sinapipro-api,com.sinapipro.api.procurement.api,ProcurementController.SupplierQuote,15,0,0,0,1,0,1,0,1,0
sinapipro-api,com.sinapipro.api.procurement.api,ProcurementController.ReceiveReq,12,0,0,0,1,0,1,0,1,0
sinapipro-api,com.sinapipro.api.procurement.api,ProcurementController.PurchaseRequestResponse,42,0,0,0,3,0,2,0,2,0
sinapipro-api,com.sinapipro.api.procurement.api,ProcurementController,159,0,0,0,23,0,10,0,10,0
sinapipro-api,com.sinapipro.api.procurement.api,ProcurementController.QuotationSummary,15,0,0,0,1,0,1,0,1,0
sinapipro-api,com.sinapipro.api.procurement.api,ProcurementController.GenerateOrderReq,6,0,0,0,1,0,1,0,1,0
sinapipro-api,com.sinapipro.api.procurement.api,ProcurementController.PurchaseOrderResponse,48,0,0,0,3,0,2,0,2,0
sinapipro-api,com.sinapipro.api.procurement.api,ProcurementController.CreateQuotationReq,6,0,0,0,1,0,1,0,1,0
sinapipro-api,com.sinapipro.api.procurement.api,ProcurementController.AddQuotationResponseReq,15,0,0,0,1,0,1,0,1,0
sinapipro-api,com.sinapipro.api.dailylog.application,DailyLogService.DailyLogSummary,0,15,0,0,0,1,0,1,0,1
sinapipro-api,com.sinapipro.api.dailylog.application,DailyLogService.EquipmentInput,0,12,0,0,0,1,0,1,0,1
sinapipro-api,com.sinapipro.api.dailylog.application,DailyLogService,18,219,5,15,1,40,6,15,2,9
sinapipro-api,com.sinapipro.api.dailylog.application,DailyLogService.OccurrenceInput,0,9,0,0,0,1,0,1,0,1
sinapipro-api,com.sinapipro.api.dailylog.application,DailyLogService.LaborInput,0,12,0,0,0,1,0,1,0,1
sinapipro-api,com.sinapipro.api.supplier.domain,Supplier,73,0,0,0,26,0,11,0,11,0
sinapipro-api,com.sinapipro.api.jobcosting.api,JobCostingController,152,0,2,0,26,0,12,0,11,0
sinapipro-api,com.sinapipro.api.jobcosting.api,JobCostingController.CreateCostCodeRequest,15,0,0,0,1,0,1,0,1,0
sinapipro-api,com.sinapipro.api.jobcosting.api,JobCostingController.CostCodeResponse,32,0,0,0,2,0,2,0,2,0
sinapipro-api,com.sinapipro.api.jobcosting.api,JobCostingController.CreateTransactionRequest,18,0,0,0,1,0,1,0,1,0
sinapipro-api,com.sinapipro.api.jobcosting.api,JobCostingController.TransactionResponse,32,0,0,0,2,0,2,0,2,0
sinapipro-api,com.sinapipro.api.rfi.domain,Rfi,114,0,10,0,32,0,21,0,16,0
sinapipro-api,com.sinapipro.api.rfi.domain,RfiStatus,21,0,0,0,1,0,1,0,1,0
sinapipro-api,com.sinapipro.api.security.application,JwtTokenService,184,0,8,0,45,0,12,0,8,0
sinapipro-api,com.sinapipro.api.notification.api,NotificationController.UnreadCount,6,0,0,0,1,0,1,0,1,0
sinapipro-api,com.sinapipro.api.notification.api,NotificationController.NotificationResponse,52,0,0,0,3,0,2,0,2,0
sinapipro-api,com.sinapipro.api.notification.api,NotificationController,37,0,0,0,6,0,5,0,5,0
sinapipro-api,com.sinapipro.api.submittal.api,SubmittalController.CreateRequest,21,0,0,0,1,0,1,0,1,0
sinapipro-api,com.sinapipro.api.submittal.api,SubmittalController,150,0,2,0,13,0,11,0,10,0
sinapipro-api,com.sinapipro.api.submittal.api,SubmittalController.ReviewRequest,6,0,0,0,1,0,1,0,1,0
sinapipro-api,com.sinapipro.api.submittal.api,SubmittalController.SubmittalResponse,62,0,0,0,4,0,2,0,2,0
sinapipro-api,com.sinapipro.api.contract.domain,ChangeOrderStatus,0,21,0,0,0,2,0,1,0,1
sinapipro-api,com.sinapipro.api.contract.domain,Contract,57,80,5,3,13,24,12,9,9,8
sinapipro-api,com.sinapipro.api.contract.domain,ChangeOrder,35,46,2,2,8,17,10,5,8,5
sinapipro-api,com.sinapipro.api.contract.domain,ContractStatus,0,27,0,0,0,2,0,1,0,1
sinapipro-api,com.sinapipro.api.measurement.domain,MeasurementItem,19,33,0,0,6,10,6,4,6,4
sinapipro-api,com.sinapipro.api.measurement.domain,Measurement,35,85,3,3,7,23,7,11,5,10
sinapipro-api,com.sinapipro.api.measurement.domain,MeasurementStatus,0,27,0,0,0,2,0,1,0,1
sinapipro-api,com.sinapipro.api.shared.error,ApiExceptionHandler,163,0,7,0,37,0,14,0,10,0
sinapipro-api,com.sinapipro.api.shared.error,DomainNotFoundException,0,4,0,0,0,2,0,1,0,1
sinapipro-api,com.sinapipro.api.shared.error,ApiExceptionHandler.Violation,9,0,0,0,1,0,1,0,1,0
sinapipro-api,com.sinapipro.api.weather.domain,WeatherDelay,55,0,0,0,15,0,11,0,11,0
